"freq","class","name","alias"
135,"BANK","Copenhagen","Copenhagen|Infrastructure Partners"
95,"BANK","EIB","EIB|European Investment Bank"
85,"BANK","SCORE","SCORE"
76,"BANK","UK Green Investment Bank","UK Green Investment Bank"
68,"BANK","Vanguard","Vanguard"
68,"BANK","Finance","Finance"
2474,"COM","Siemens","Siemens|Siemens Industry|Siemens Financial Services|Siemens AG"
1253,"COM","Orsted","Orsted|DONG|Dong|Dong Energy|DONG Energy Wind Power"
870,"COM","TenneT","TenneT"
677,"COM","MHI","MHI|MHI Vestas Offshore|MHI Vestas Offshore Wind|MHI Vestas"
614,"COM","GE","GE|GE Renewable Energy"
555,"COM","SGRE","SGRE|Siemens Gamesa|Siemens Wind Power|Siemens Gamesa Renewable Energy|Siemens Wind Power Service"
527,"COM","ABB","ABB|ABB Group|ABB Power Systems"
396,"COM","RWE","RWE|RWE Innogy|RWE International SE|RWE Innogy UK"
320,"COM","Carbon Trust","Carbon Trust"
293,"COM","SSE","SSE"
270,"COM","National Grid","National Grid"
231,"COM","EDF","EDF"
211,"COM","DEME","DEME"
210,"COM","Maersk","Maersk"
207,"COM","JDR","JDR|JDR Cable Systems"
176,"COM","Carnegie","Carnegie"
173,"COM","UXO","UXO"
160,"COM","VBMS","VBMS"
144,"COM","ETI","ETI|Energy Technologies Institute"
142,"COM","EPC","EPC"
139,"COM","ECN","ECN"
136,"COM","OPT","OPT|Ocean Power Technologies"
136,"COM","FORCE","FORCE"
127,"COM","HSE","HSE"
122,"COM","EMO","EMO|EMS Maritime Offshore|EMS Maritime Offshore GmbH"
104,"COM","Seacat Services","Seacat Services"
98,"COM","LM Wind Power","LM Wind Power"
97,"COM","Global Marine","Global Marine"
96,"COM","Coastal","Coastal"
95,"COM","AIS","AIS"
95,"COM","JIP","JIP"
94,"COM","DCNS","DCNS"
93,"COM","Shell","Shell"
92,"COM","Natural Power","Natural Power"
90,"COM","GL Garrad Hassan","GL Garrad Hassan"
88,"COM","AREVA","AREVA"
87,"COM","Principle Power","Principle Power"
84,"COM","Navy","Navy"
82,"COM","DBB","DBB|DBB Jack-Up Services"
77,"COM","Acta Marine","Acta Marine"
77,"COM","JFMS","JFMS|Fisher Marine Services"
73,"COM","Siemens Energy","Siemens Energy|Siemens Energy Sector|Siemens Energy Management Division"
73,"COM","Lockheed Martin","Lockheed Martin"
68,"COM","EDF Energy","EDF Energy"
65,"COM","Prysmian Group","Prysmian Group"
63,"COM","Capital Partners","Capital Partners"
63,"COM","Hitachi","Hitachi"
61,"COM","Deutsche Windtechnik","Deutsche Windtechnik"
59,"COM","Universal Foundation","Universal Foundation"
57,"COM","EOLOS","EOLOS"
54,"COM","IT Power","IT Power"
54,"COM","SHL","SHL"
50,"COM","Safety Technology","Safety Technology"
47,"COM","Mainstream Renewable Power","Mainstream Renewable Power"
47,"COM","DEME Group","DEME Group"
46,"COM","US Wind","US Wind"
45,"COM","AMC","AMC"
44,"COM","SMST","SMST"
43,"COM","Mitsubishi Corporation","Mitsubishi Corporation"
42,"COM","EDF Energies Nouvelles","EDF Energies Nouvelles"
42,"COM","SeaRoc Group","SeaRoc Group"
41,"COM","Red Rock Power Ltd.","Red Rock Power Ltd."
38,"COM","Samsung Heavy Industries","Samsung Heavy Industries"
37,"COM","Bibby Marine Services","Bibby Marine Services"
37,"COM","3sun Group","3sun Group"
36,"COM","Nordsee One","Nordsee One"
36,"COM","Marine Contractors","Marine Contractors"
32,"COM","Hydro Group","Hydro Group"
32,"COM","Deutsche WindGuard","Deutsche WindGuard"
31,"COM","BVG Associates","BVG Associates"
29,"COM","Iceni Marine Services","Iceni Marine Services"
28,"COM","EDF Energy Renewables","EDF Energy Renewables"
26,"COM","Blue Water Shipping","Blue Water Shipping"
24,"COM","Blade Dynamics","Blade Dynamics"
24,"COM","TAG Energy Solutions","TAG Energy Solutions"
24,"COM","Reef Subsea Power & Umbilical","Reef Subsea Power & Umbilical"
23,"COM","Mitsubishi Heavy Industries","Mitsubishi Heavy Industries"
22,"COM","NOF Energy","NOF Energy"
22,"COM","Northland Power Inc.","Northland Power Inc."
21,"COM","DTU Wind Energy","DTU Wind Energy"
17,"COM","A&P Group","A&P Group"
16,"COM","Global Marine Group","Global Marine Group"
5762,"COUNTRY","UK","UK|GB|Britain|British|United Kingdom|Great Britain|England"
2978,"COUNTRY","Germany","Germany|German|Deutsch"
2528,"COUNTRY","USA","USA|United States|U\.S\.|US\.|US|America|American"
1835,"COUNTRY","Scotland","Scotland|Scottish"
1442,"COUNTRY","Denmark","Denmark|Danish"
1439,"COUNTRY","Netherlands","Netherlands|Dutch|Holland"
991,"COUNTRY","China","China|Chinese"
698,"COUNTRY","France","France|French"
646,"COUNTRY","Norway","Norway|Norwegian"
582,"COUNTRY","Ireland","Ireland|Irish"
512,"COUNTRY","Taiwan","Taiwan|Taiwanese"
463,"COUNTRY","Japan","Japan|Japanese"
397,"COUNTRY","Wales","Wales|Welsh"
301,"COUNTRY","Belgium","Belgium"
284,"COUNTRY","Canada","Canada|Canadian"
264,"COUNTRY","India","India"
260,"COUNTRY","Spain","Spain|Spanish"
245,"COUNTRY","Sweden","Sweden|Swedish"
217,"COUNTRY","Jersey","Jersey"
207,"COUNTRY","Australia","Australia|Australian"
1506,"FARM","North Sea","North Sea"
468,"FARM","Baltic","Baltic"
216,"FARM","Kriegers Flak","Kriegers Flak"
169,"FARM","Triton Knoll","Triton Knoll"
164,"FARM","Race Bank","Race Bank"
159,"FARM","Walney Extension","Walney Extension"
152,"FARM","Greater Gabbard","Greater Gabbard"
146,"FARM","Sheringham","Sheringham|Sheringham Shoal|Sheringham Shoal Offshore Wind Farm"
142,"FARM","Dogger Bank","Dogger Bank"
129,"FARM","Westermost Rough","Westermost Rough"
126,"FARM","Burbo Bank Extension","Burbo Bank Extension"
109,"FARM","BOWL","BOWL|588MW Beatrice"
97,"FARM","Veja Mate","Veja Mate"
94,"FARM","Global Tech","Global Tech"
78,"FARM","Humber Gateway","Humber Gateway"
71,"FARM","Deutsche Bucht","Deutsche Bucht"
66,"FARM","Nordsee Ost","Nordsee Ost"
53,"FARM","Project One","Project One"
1478,"GOV","European","European"
1475,"GOV","EU","EU|European Union"
1455,"GOV","EC","EC|European Commission"
762,"GOV","Government","Government"
595,"GOV","Department","Department"
498,"GOV","Council","Council"
375,"GOV","Commission","Commission"
368,"GOV","DOE","DOE|Department of Energy"
347,"GOV","BOEM","BOEM|Bureau of Ocean Energy Management"
156,"GOV","EIA","EIA|Environmental Impact Assessment"
155,"GOV","OFTO","OFTO"
97,"GOV","Economic Affairs","Economic Affairs"
95,"GOV","US.DOE","US.DOE|U.S. Department of Energy|US Department of Energy"
95,"GOV","NREL","NREL|National Renewable Energy Laboratory"
89,"GOV","MCA","MCA"
57,"GOV","Energy Project","Energy Project"
55,"GOV","EEZ","EEZ"
54,"GOV","Marine Scotland","Marine Scotland"
36,"GOV","European Regional Development Fund","European Regional Development Fund"
28,"GOV","Danish Energy Agency","Danish Energy Agency"
27,"GOV","Senate","Senate"
24,"GOV","FEED","FEED"
23,"GOV","Federal Network Agency","Federal Network Agency"
21,"GOV","Marine Management Organisation","Marine Management Organisation"
20,"GOV","National Energy Agreement","National Energy Agreement"
11414,"KWORD","turbine","turbine|Turbine"
6638,"KWORD","system","system|System"
5612,"KWORD","cable","cable|Cable|cable laying|Cable Laying"
4775,"KWORD","installation","installation|Installation"
4490,"KWORD","technology","technology|Technology"
3462,"KWORD","grid","grid|Grid"
2761,"KWORD","foundation","foundation|Foundation"
1589,"KWORD","blade","blade|Blade"
1574,"KWORD","testing","testing|Testing"
1453,"KWORD","training","training|Training"
1397,"KWORD","survey","survey|Survey"
1104,"KWORD","monitor","monitor|Monitor"
854,"KWORD","seabed","seabed|Seabed|(S|s)ea bed"
780,"KWORD","O&M","O&M|(O|o)peration (and|&) (M|m)aintenance"
748,"KWORD","maritime","maritime|Maritime"
745,"KWORD","jacket","jacket|Jacket"
700,"KWORD","monopile","monopile|Monopile|mono pile|Mono pile"
632,"KWORD","inspection","inspection|Inspection"
612,"KWORD","protection","protection|Protection"
472,"KWORD","CTV","CTV|(C|c)rew (T|t)ransfer (V|v)essel"
417,"KWORD","underwater","underwater|Underwater|(U|u)nder water"
414,"KWORD","ROV","ROV|AUV"
378,"KWORD","SOV","SOV|(S|s)ervice (O|o)peration (V|v)essel"
128,"KWORD","GWO","GWO|Global Wind Organizarion"
120,"KWORD","corrosion","corrosion|Corrosion"
103,"KWORD","drone","drone|Drone"
92,"KWORD","sonar","sonar|Sonar"
1136,"ORG","Univ.","Univ."
574,"ORG","DNV","DNV|DNV GL|DNV GL.|DNV GL Energy"
354,"ORG","ORE Catapult","ORE Catapult|Offshore Renewable Energy Catapult"
238,"ORG","EMEC","EMEC|European Marine Energy Centre"
185,"ORG","EWEA","EWEA|European Wind Energy Association"
141,"ORG","EOWDC","EOWDC"
106,"ORG","Energy Association","Energy Association"
97,"ORG","Wave Hub","Wave Hub"
89,"ORG","Aquamarine Power","Aquamarine Power"
85,"ORG","IEA","IEA|International Energy Agency"
62,"ORG","NAREC","NAREC|National Renewable Energy Centre"
62,"ORG","GWEC","GWEC|Global Wind Energy Council"
58,"ORG","U.Maine","U.Maine|University of Maine"
55,"ORG","MHK","MHK"
47,"ORG","LEP","LEP|Local Enterprise Partnership"
38,"ORG","U.Strathclyde","U.Strathclyde|University of Strathclyde"
33,"ORG","U.Hull","U.Hull|University of Hull"
33,"ORG","EPSRC","EPSRC|Physical Sciences Research Council"
32,"ORG","U.Exeter","U.Exeter|University of Exeter"
31,"ORG","U.Edinburgh","U.Edinburgh|University of Edinburgh"
30,"ORG","Pike Research","Pike Research"
28,"ORG","Wave Energy Scotland","Wave Energy Scotland"
23,"ORG","Marine Institute","Marine Institute"
21,"ORG","Navigant Research","Navigant Research"
19,"ORG","Norstec Academy","Norstec Academy"
5992,"TERM","Energy","Energy"
5284,"TERM","MW","MW"
1898,"TERM","Marine","Marine"
1639,"TERM","Tech","Tech"
1335,"TERM","GW","GW"
778,"TERM","Research","Research"
716,"TERM","Wind Farm","Wind Farm"
654,"TERM","HVDC","HVDC"
628,"TERM","AC","AC"
535,"TERM","DP","DP|Dynamic Positioning"
216,"TERM","OWA","OWA|Offshore Wind Accelerator"
165,"TERM","MRE","MRE"
155,"TERM","CETO","CETO"
154,"TERM","Wave Energy","Wave Energy"
118,"TERM","Offshore Renewable Energy","Offshore Renewable Energy"
118,"TERM","IEC","IEC"
118,"TERM","HVAC","HVAC"
110,"TERM","Pelamis","Pelamis"
74,"TERM","Oil & Gas","Oil & Gas"
63,"TERM","OTEC","OTEC"
63,"TERM","EPCI","EPCI"
61,"TERM","Wave Power","Wave Power"
59,"TERM","Continental Shelf","Continental Shelf"
42,"TERM","Cable Enterprise","Cable Enterprise"
40,"TERM","GE Haliade","GE Haliade"
34,"TERM","Borssele Beta","Borssele Beta"
32,"TERM","Marine Current Turbines","Marine Current Turbines"
26,"TERM","Marine Engineering","Marine Engineering"
18,"TERM","Siemens Offshore Transformer Modules","Siemens Offshore Transformer Modules"
18,"TERM","GE Power Conversion","GE Power Conversion"
